<Objs Version="1.1.0.1" xmlns="http://schemas.microsoft.com/powershell/2004/04">
  <Obj RefId="0">
    <TN RefId="0">
      <T>Microsoft.PowerShell.Commands.PSRepositoryItemInfo</T>
      <T>System.Management.Automation.PSCustomObject</T>
      <T>System.Object</T>
    </TN>
    <MS>
      <S N="Name">WindowsDefender</S>
      <Version N="Version">1.0.0.4</Version>
      <S N="Type">Module</S>
      <S N="Description">Windows Defender module allows you to configure Windows Defender settings.</S>
      <S N="Author">Microsoft Corporation</S>
      <S N="CompanyName">milind</S>
      <S N="Copyright">Microsoft Corporation. All rights reserved</S>
      <DT N="PublishedDate">2017-09-14T19:12:01-05:00</DT>
      <Obj N="InstalledDate" RefId="1">
        <DT>2023-01-08T11:26:07.3894999-06:00</DT>
        <MS>
          <Obj N="DisplayHint" RefId="2">
            <TN RefId="1">
              <T>Microsoft.PowerShell.Commands.DisplayHintType</T>
              <T>System.Enum</T>
              <T>System.ValueType</T>
              <T>System.Object</T>
            </TN>
            <ToString>DateTime</ToString>
            <I32>2</I32>
          </Obj>
        </MS>
      </Obj>
      <Nil N="UpdatedDate" />
      <Nil N="LicenseUri" />
      <Nil N="ProjectUri" />
      <Nil N="IconUri" />
      <Obj N="Tags" RefId="3">
        <TN RefId="2">
          <T>System.Object[]</T>
          <T>System.Array</T>
          <T>System.Object</T>
        </TN>
        <LST>
          <S>defender</S>
          <S>windowsdefender</S>
          <S>dsc</S>
          <S>PSModule</S>
        </LST>
      </Obj>
      <Obj N="Includes" RefId="4">
        <TN RefId="3">
          <T>System.Collections.Hashtable</T>
          <T>System.Object</T>
        </TN>
        <DCT>
          <En>
            <S N="Key">DscResource</S>
            <Obj N="Value" RefId="5">
              <TNRef RefId="2" />
              <LST>
                <S>WindowsDefender</S>
              </LST>
            </Obj>
          </En>
          <En>
            <S N="Key">Function</S>
            <Obj N="Value" RefId="6">
              <TNRef RefId="2" />
              <LST>
                <S>Get-TargetResource</S>
                <S>Test-TargetResource</S>
                <S>Set-TargetResource</S>
              </LST>
            </Obj>
          </En>
          <En>
            <S N="Key">Command</S>
            <Obj N="Value" RefId="7">
              <TNRef RefId="2" />
              <LST>
                <S>Get-TargetResource</S>
                <S>Test-TargetResource</S>
                <S>Set-TargetResource</S>
              </LST>
            </Obj>
          </En>
          <En>
            <S N="Key">Cmdlet</S>
            <Obj N="Value" RefId="8">
              <TNRef RefId="2" />
              <LST />
            </Obj>
          </En>
          <En>
            <S N="Key">RoleCapability</S>
            <Ref N="Value" RefId="8" />
          </En>
          <En>
            <S N="Key">Workflow</S>
            <Ref N="Value" RefId="8" />
          </En>
        </DCT>
      </Obj>
      <Nil N="PowerShellGetFormatVersion" />
      <Nil N="ReleaseNotes" />
      <Obj N="Dependencies" RefId="9">
        <TNRef RefId="2" />
        <LST />
      </Obj>
      <S N="RepositorySourceLocation">https://www.powershellgallery.com/api/v2</S>
      <S N="Repository">PSGallery</S>
      <S N="PackageManagementProvider">NuGet</S>
      <Obj N="AdditionalMetadata" RefId="10">
        <TN RefId="4">
          <T>System.Management.Automation.PSCustomObject</T>
          <T>System.Object</T>
        </TN>
        <MS>
          <S N="copyright">Microsoft Corporation. All rights reserved</S>
          <S N="description">Windows Defender module allows you to configure Windows Defender settings.</S>
          <S N="requireLicenseAcceptance">False</S>
          <S N="isLatestVersion">True</S>
          <S N="isAbsoluteLatestVersion">True</S>
          <S N="versionDownloadCount">8568447</S>
          <S N="downloadCount">8581993</S>
          <S N="packageSize">17666</S>
          <S N="published">9/14/2017 7:12:01 PM -05:00</S>
          <S N="created">9/14/2017 7:12:01 PM -05:00</S>
          <S N="lastUpdated">1/8/2023 5:21:07 PM -06:00</S>
          <S N="tags">defender windowsdefender dsc PSModule PSFunction_Get-TargetResource PSCommand_Get-TargetResource PSFunction_Test-TargetResource PSCommand_Test-TargetResource PSFunction_Set-TargetResource PSCommand_Set-TargetResource PSIncludes_Function PSDscResource_WindowsDefender PSIncludes_DscResource</S>
          <S N="developmentDependency">False</S>
          <S N="updated">2023-01-08T17:21:07Z</S>
          <S N="NormalizedVersion">1.0.0.4</S>
          <S N="Authors">Microsoft Corporation</S>
          <S N="IsPrerelease">false</S>
          <S N="ItemType">Module</S>
          <S N="FileList">WindowsDefender.nuspec|ReadMe.md|WindowsDefender.psd1|DSCResources\MSFT_WindowsDefender\MSFT_WindowsDefender.psm1|DSCResources\MSFT_WindowsDefender\MSFT_WindowsDefender.schema.mof</S>
          <S N="GUID">6ce04b58-6289-4b70-9114-1b0a02bab062</S>
          <S N="PowerShellVersion">4.0</S>
          <S N="ProcessorArchitecture">None</S>
          <S N="CompanyName">Microsoft Corporation</S>
        </MS>
      </Obj>
      <S N="InstalledLocation">C:\Users\EricMannon\Documents\PowerShell\Modules\WindowsDefender\1.0.0.4</S>
    </MS>
  </Obj>
</Objs>
